2025-03-28 09:03:28,car,KAG2MP2657,C:\Users\siddh\OneDrive\Desktop\License Plate Detection\Captured License Plate\20250328_090327_KAG2MP2657.jpg
2025-03-28 09:03:32,car,KAG2MP9657,C:\Users\siddh\OneDrive\Desktop\License Plate Detection\Captured License Plate\20250328_090331_KAG2MP9657.jpg
2025-03-28 09:03:34,car,KAG2MP9657,C:\Users\siddh\OneDrive\Desktop\License Plate Detection\Captured License Plate\20250328_090333_KAG2MP9657.jpg
2025-03-28 09:03:35,car,KAG2MP9657,C:\Users\siddh\OneDrive\Desktop\License Plate Detection\Captured License Plate\20250328_090334_KAG2MP9657.jpg
2025-04-05 14:08:51,bus,Unknown,C:\Users\siddh\OneDrive\Desktop\License Plate Detection\Captured License Plate\20250405_140851_Unknown.jpg
2025-04-05 14:08:52,car,KAG2MP9657,C:\Users\siddh\OneDrive\Desktop\License Plate Detection\Captured License Plate\20250405_140852_KAG2MP9657.jpg
2025-04-05 14:08:53,car,KAG2MP9657,C:\Users\siddh\OneDrive\Desktop\License Plate Detection\Captured License Plate\20250405_140853_KAG2MP9657.jpg
2025-04-05 14:08:55,car,KAG2MP9657,C:\Users\siddh\OneDrive\Desktop\License Plate Detection\Captured License Plate\20250405_140855_KAG2MP9657.jpg
2025-04-05 14:08:56,car,KAG2MP9657,C:\Users\siddh\OneDrive\Desktop\License Plate Detection\Captured License Plate\20250405_140856_KAG2MP9657.jpg
2025-04-05 14:08:57,car,Unknown,C:\Users\siddh\OneDrive\Desktop\License Plate Detection\Captured License Plate\20250405_140857_Unknown.jpg
2025-04-05 14:08:59,car,Unknown,C:\Users\siddh\OneDrive\Desktop\License Plate Detection\Captured License Plate\20250405_140859_Unknown.jpg
2025-04-05 14:09:00,car,KAG2MP9657,C:\Users\siddh\OneDrive\Desktop\License Plate Detection\Captured License Plate\20250405_140900_KAG2MP9657.jpg
2025-04-05 14:09:02,car,KAG2MP9657,C:\Users\siddh\OneDrive\Desktop\License Plate Detection\Captured License Plate\20250405_140902_KAG2MP9657.jpg
2025-04-05 14:09:03,car,KAG2MP9657,C:\Users\siddh\OneDrive\Desktop\License Plate Detection\Captured License Plate\20250405_140903_KAG2MP9657.jpg
2025-04-05 14:09:03,car,Unknown,C:\Users\siddh\OneDrive\Desktop\License Plate Detection\Captured License Plate\20250405_140903_Unknown.jpg
2025-04-05 14:09:05,car,KAG2MP9657,C:\Users\siddh\OneDrive\Desktop\License Plate Detection\Captured License Plate\20250405_140905_KAG2MP9657.jpg
2025-04-05 14:22:44,car,Unknown,C:\Users\siddh\OneDrive\Desktop\License Plate Detection\Captured License Plate\20250405_142244_Unknown.jpg
2025-04-05 14:22:45,car,Unknown,C:\Users\siddh\OneDrive\Desktop\License Plate Detection\Captured License Plate\20250405_142245_Unknown.jpg
2025-04-05 14:22:46,car,KA64N0G99,C:\Users\siddh\OneDrive\Desktop\License Plate Detection\Captured License Plate\20250405_142246_KA64N0G99.jpg
2025-04-05 14:22:48,car,Flipkart,C:\Users\siddh\OneDrive\Desktop\License Plate Detection\Captured License Plate\20250405_142248_Flipkart.jpg
2025-04-05 14:23:00,bus,Unknown,C:\Users\siddh\OneDrive\Desktop\License Plate Detection\Captured License Plate\20250405_142300_Unknown.jpg
2025-04-05 14:23:05,car,KA64N0099,C:\Users\siddh\OneDrive\Desktop\License Plate Detection\Captured License Plate\20250405_142305_KA64N0099.jpg
2025-04-05 14:23:07,car,Unknown,C:\Users\siddh\OneDrive\Desktop\License Plate Detection\Captured License Plate\20250405_142307_Unknown.jpg
2025-04-05 14:23:28,car,Unknown,C:\Users\siddh\OneDrive\Desktop\License Plate Detection\Captured License Plate\20250405_142328_Unknown.jpg
2025-04-05 14:23:29,car,Unknown,C:\Users\siddh\OneDrive\Desktop\License Plate Detection\Captured License Plate\20250405_142329_Unknown.jpg
2025-04-05 14:23:29,car,Unknown,C:\Users\siddh\OneDrive\Desktop\License Plate Detection\Captured License Plate\20250405_142329_Unknown.jpg
2025-04-05 14:23:30,car,Unknown,C:\Users\siddh\OneDrive\Desktop\License Plate Detection\Captured License Plate\20250405_142330_Unknown.jpg
2025-04-05 14:23:30,car,Unknown,C:\Users\siddh\OneDrive\Desktop\License Plate Detection\Captured License Plate\20250405_142330_Unknown.jpg
2025-04-05 14:23:31,car,Unknown,C:\Users\siddh\OneDrive\Desktop\License Plate Detection\Captured License Plate\20250405_142331_Unknown.jpg
2025-04-05 14:23:32,truck,MH20EE7602,C:\Users\siddh\OneDrive\Desktop\License Plate Detection\Captured License Plate\20250405_142332_MH20EE7602.jpg
2025-04-05 14:23:32,car,MH20EE7602,C:\Users\siddh\OneDrive\Desktop\License Plate Detection\Captured License Plate\20250405_142332_MH20EE7602.jpg
2025-04-05 14:23:33,car,MH20EE7602,C:\Users\siddh\OneDrive\Desktop\License Plate Detection\Captured License Plate\20250405_142333_MH20EE7602.jpg
2025-04-05 14:23:34,car,MH20EE7602,C:\Users\siddh\OneDrive\Desktop\License Plate Detection\Captured License Plate\20250405_142334_MH20EE7602.jpg
2025-04-05 14:23:34,car,MH20EE7602,C:\Users\siddh\OneDrive\Desktop\License Plate Detection\Captured License Plate\20250405_142334_MH20EE7602.jpg
2025-04-05 14:23:35,car,MH20EE7602,C:\Users\siddh\OneDrive\Desktop\License Plate Detection\Captured License Plate\20250405_142335_MH20EE7602.jpg
2025-04-05 14:23:36,car,MH20EE7602,C:\Users\siddh\OneDrive\Desktop\License Plate Detection\Captured License Plate\20250405_142336_MH20EE7602.jpg
2025-04-05 14:28:23,car,Unknown,C:\Users\siddh\OneDrive\Desktop\License Plate Detection\Captured License Plate\20250405_142823_Unknown.jpg
2025-04-05 14:28:23,car,Unknown,C:\Users\siddh\OneDrive\Desktop\License Plate Detection\Captured License Plate\20250405_142823_Unknown.jpg
2025-04-05 14:28:23,car,Unknown,C:\Users\siddh\OneDrive\Desktop\License Plate Detection\Captured License Plate\20250405_142823_Unknown.jpg
2025-04-05 14:28:24,car,Unknown,C:\Users\siddh\OneDrive\Desktop\License Plate Detection\Captured License Plate\20250405_142824_Unknown.jpg
2025-04-05 14:28:24,car,Unknown,C:\Users\siddh\OneDrive\Desktop\License Plate Detection\Captured License Plate\20250405_142824_Unknown.jpg
2025-04-05 14:28:25,car,Unknown,C:\Users\siddh\OneDrive\Desktop\License Plate Detection\Captured License Plate\20250405_142825_Unknown.jpg
2025-04-05 14:28:25,car,Unknown,C:\Users\siddh\OneDrive\Desktop\License Plate Detection\Captured License Plate\20250405_142825_Unknown.jpg
2025-04-05 14:28:25,car,Unknown,C:\Users\siddh\OneDrive\Desktop\License Plate Detection\Captured License Plate\20250405_142825_Unknown.jpg
2025-04-05 14:28:26,car,Unknown,C:\Users\siddh\OneDrive\Desktop\License Plate Detection\Captured License Plate\20250405_142826_Unknown.jpg
2025-04-05 14:28:26,car,Unknown,C:\Users\siddh\OneDrive\Desktop\License Plate Detection\Captured License Plate\20250405_142826_Unknown.jpg
2025-04-05 14:28:27,car,Unknown,C:\Users\siddh\OneDrive\Desktop\License Plate Detection\Captured License Plate\20250405_142827_Unknown.jpg
2025-04-05 14:28:27,car,Unknown,C:\Users\siddh\OneDrive\Desktop\License Plate Detection\Captured License Plate\20250405_142827_Unknown.jpg
2025-04-05 14:28:28,car,Unknown,C:\Users\siddh\OneDrive\Desktop\License Plate Detection\Captured License Plate\20250405_142828_Unknown.jpg
2025-04-05 14:28:28,car,Unknown,C:\Users\siddh\OneDrive\Desktop\License Plate Detection\Captured License Plate\20250405_142828_Unknown.jpg
2025-04-05 14:28:28,car,Unknown,C:\Users\siddh\OneDrive\Desktop\License Plate Detection\Captured License Plate\20250405_142828_Unknown.jpg
2025-04-05 14:28:29,car,Unknown,C:\Users\siddh\OneDrive\Desktop\License Plate Detection\Captured License Plate\20250405_142829_Unknown.jpg
2025-04-05 14:28:29,car,Unknown,C:\Users\siddh\OneDrive\Desktop\License Plate Detection\Captured License Plate\20250405_142829_Unknown.jpg
2025-04-05 14:28:29,car,Unknown,C:\Users\siddh\OneDrive\Desktop\License Plate Detection\Captured License Plate\20250405_142829_Unknown.jpg
2025-04-05 14:28:35,car,Unknown,C:\Users\siddh\OneDrive\Desktop\License Plate Detection\Captured License Plate\20250405_142835_Unknown.jpg
2025-04-05 14:28:36,car,Unknown,C:\Users\siddh\OneDrive\Desktop\License Plate Detection\Captured License Plate\20250405_142836_Unknown.jpg
2025-04-05 14:28:37,car,Unknown,C:\Users\siddh\OneDrive\Desktop\License Plate Detection\Captured License Plate\20250405_142837_Unknown.jpg
2025-04-05 14:28:38,car,Unknown,C:\Users\siddh\OneDrive\Desktop\License Plate Detection\Captured License Plate\20250405_142838_Unknown.jpg
2025-04-05 14:28:39,car,Unknown,C:\Users\siddh\OneDrive\Desktop\License Plate Detection\Captured License Plate\20250405_142839_Unknown.jpg
2025-04-05 14:28:39,car,Unknown,C:\Users\siddh\OneDrive\Desktop\License Plate Detection\Captured License Plate\20250405_142839_Unknown.jpg
2025-04-05 14:28:40,car,Unknown,C:\Users\siddh\OneDrive\Desktop\License Plate Detection\Captured License Plate\20250405_142840_Unknown.jpg
2025-04-05 14:28:41,car,Unknown,C:\Users\siddh\OneDrive\Desktop\License Plate Detection\Captured License Plate\20250405_142841_Unknown.jpg
2025-04-05 14:28:41,car,Unknown,C:\Users\siddh\OneDrive\Desktop\License Plate Detection\Captured License Plate\20250405_142841_Unknown.jpg
2025-04-05 14:28:41,car,Unknown,C:\Users\siddh\OneDrive\Desktop\License Plate Detection\Captured License Plate\20250405_142841_Unknown.jpg
2025-04-05 14:28:42,car,Unknown,C:\Users\siddh\OneDrive\Desktop\License Plate Detection\Captured License Plate\20250405_142841_Unknown.jpg
2025-04-05 14:28:42,car,Unknown,C:\Users\siddh\OneDrive\Desktop\License Plate Detection\Captured License Plate\20250405_142842_Unknown.jpg
2025-04-05 14:28:42,car,Unknown,C:\Users\siddh\OneDrive\Desktop\License Plate Detection\Captured License Plate\20250405_142842_Unknown.jpg
2025-04-05 14:28:43,car,Unknown,C:\Users\siddh\OneDrive\Desktop\License Plate Detection\Captured License Plate\20250405_142843_Unknown.jpg
2025-04-05 14:28:43,car,Unknown,C:\Users\siddh\OneDrive\Desktop\License Plate Detection\Captured License Plate\20250405_142843_Unknown.jpg
2025-04-05 14:28:43,car,Unknown,C:\Users\siddh\OneDrive\Desktop\License Plate Detection\Captured License Plate\20250405_142843_Unknown.jpg
2025-04-05 14:28:44,car,Unknown,C:\Users\siddh\OneDrive\Desktop\License Plate Detection\Captured License Plate\20250405_142844_Unknown.jpg
2025-04-05 14:28:44,car,Unknown,C:\Users\siddh\OneDrive\Desktop\License Plate Detection\Captured License Plate\20250405_142844_Unknown.jpg
2025-04-05 14:28:49,car,Unknown,C:\Users\siddh\OneDrive\Desktop\License Plate Detection\Captured License Plate\20250405_142849_Unknown.jpg
2025-04-05 14:28:50,car,Unknown,C:\Users\siddh\OneDrive\Desktop\License Plate Detection\Captured License Plate\20250405_142850_Unknown.jpg
2025-04-05 14:28:51,car,Unknown,C:\Users\siddh\OneDrive\Desktop\License Plate Detection\Captured License Plate\20250405_142851_Unknown.jpg
2025-04-05 14:28:57,car,Unknown,C:\Users\siddh\OneDrive\Desktop\License Plate Detection\Captured License Plate\20250405_142857_Unknown.jpg
2025-04-05 14:28:58,car,MH20EJ0364,C:\Users\siddh\OneDrive\Desktop\License Plate Detection\Captured License Plate\20250405_142858_MH20EJ0364.jpg
2025-04-05 14:28:59,bus,Unknown,C:\Users\siddh\OneDrive\Desktop\License Plate Detection\Captured License Plate\20250405_142859_Unknown.jpg
2025-04-05 14:29:00,bus,Unknown,C:\Users\siddh\OneDrive\Desktop\License Plate Detection\Captured License Plate\20250405_142900_Unknown.jpg
2025-04-05 14:29:01,bus,MH20EJ0364,C:\Users\siddh\OneDrive\Desktop\License Plate Detection\Captured License Plate\20250405_142901_MH20EJ0364.jpg
2025-04-05 14:29:19,car,Unknown,C:\Users\siddh\OneDrive\Desktop\License Plate Detection\Captured License Plate\20250405_142919_Unknown.jpg
2025-04-05 14:29:21,bus,59,C:\Users\siddh\OneDrive\Desktop\License Plate Detection\Captured License Plate\20250405_142921_59.jpg
2025-04-05 14:29:38,car,Unknown,C:\Users\siddh\OneDrive\Desktop\License Plate Detection\Captured License Plate\20250405_142938_Unknown.jpg
2025-04-05 14:29:39,car,Unknown,C:\Users\siddh\OneDrive\Desktop\License Plate Detection\Captured License Plate\20250405_142939_Unknown.jpg
2025-04-05 14:29:40,car,Unknown,C:\Users\siddh\OneDrive\Desktop\License Plate Detection\Captured License Plate\20250405_142940_Unknown.jpg
2025-04-05 14:29:42,car,Unknown,C:\Users\siddh\OneDrive\Desktop\License Plate Detection\Captured License Plate\20250405_142942_Unknown.jpg
2025-04-05 14:29:43,car,Unknown,C:\Users\siddh\OneDrive\Desktop\License Plate Detection\Captured License Plate\20250405_142943_Unknown.jpg
2025-04-05 14:29:43,car,Unknown,C:\Users\siddh\OneDrive\Desktop\License Plate Detection\Captured License Plate\20250405_142943_Unknown.jpg
2025-04-05 14:29:56,car,Unknown,C:\Users\siddh\OneDrive\Desktop\License Plate Detection\Captured License Plate\20250405_142956_Unknown.jpg
2025-04-05 14:30:16,bus,Unknown,C:\Users\siddh\OneDrive\Desktop\License Plate Detection\Captured License Plate\20250405_143016_Unknown.jpg
2025-04-05 14:30:20,bus,Unknown,C:\Users\siddh\OneDrive\Desktop\License Plate Detection\Captured License Plate\20250405_143020_Unknown.jpg
2025-04-05 14:30:22,bus,44,C:\Users\siddh\OneDrive\Desktop\License Plate Detection\Captured License Plate\20250405_143022_44.jpg
2025-04-05 14:30:32,bus,Unknown,C:\Users\siddh\OneDrive\Desktop\License Plate Detection\Captured License Plate\20250405_143032_Unknown.jpg
2025-04-05 14:30:35,bus,WB02XXXX8,C:\Users\siddh\OneDrive\Desktop\License Plate Detection\Captured License Plate\20250405_143035_WB02XXXX8.jpg
2025-04-05 14:30:36,bus,X,C:\Users\siddh\OneDrive\Desktop\License Plate Detection\Captured License Plate\20250405_143036_X.jpg
2025-04-05 14:31:10,car,KA,C:\Users\siddh\OneDrive\Desktop\License Plate Detection\Captured License Plate\20250405_143110_KA.jpg
2025-04-05 14:31:11,car,KA,C:\Users\siddh\OneDrive\Desktop\License Plate Detection\Captured License Plate\20250405_143111_KA.jpg
2025-04-05 14:31:12,car,KAG2MP,C:\Users\siddh\OneDrive\Desktop\License Plate Detection\Captured License Plate\20250405_143112_KAG2MP.jpg
2025-04-05 14:31:13,car,Unknown,C:\Users\siddh\OneDrive\Desktop\License Plate Detection\Captured License Plate\20250405_143113_Unknown.jpg
2025-04-05 14:31:15,bus,KAG2MP9657,C:\Users\siddh\OneDrive\Desktop\License Plate Detection\Captured License Plate\20250405_143115_KAG2MP9657.jpg
2025-04-05 14:31:16,car,KAG2MP9657,C:\Users\siddh\OneDrive\Desktop\License Plate Detection\Captured License Plate\20250405_143116_KAG2MP9657.jpg
2025-04-05 14:31:17,car,KAG2MP9657,C:\Users\siddh\OneDrive\Desktop\License Plate Detection\Captured License Plate\20250405_143117_KAG2MP9657.jpg
2025-04-05 14:31:19,car,KAG2MP9657,C:\Users\siddh\OneDrive\Desktop\License Plate Detection\Captured License Plate\20250405_143119_KAG2MP9657.jpg
2025-04-05 14:31:20,car,KAG2MP9657,C:\Users\siddh\OneDrive\Desktop\License Plate Detection\Captured License Plate\20250405_143120_KAG2MP9657.jpg
2025-04-05 14:31:21,car,KAG2MP9657,C:\Users\siddh\OneDrive\Desktop\License Plate Detection\Captured License Plate\20250405_143121_KAG2MP9657.jpg
2025-04-05 14:31:22,car,KAG2MP9657,C:\Users\siddh\OneDrive\Desktop\License Plate Detection\Captured License Plate\20250405_143122_KAG2MP9657.jpg
2025-04-05 14:31:24,car,KAG2MP9657,C:\Users\siddh\OneDrive\Desktop\License Plate Detection\Captured License Plate\20250405_143124_KAG2MP9657.jpg
2025-04-05 14:31:25,car,KAG2MP9657,C:\Users\siddh\OneDrive\Desktop\License Plate Detection\Captured License Plate\20250405_143125_KAG2MP9657.jpg
2025-04-05 14:31:27,car,KAG2MP9657,C:\Users\siddh\OneDrive\Desktop\License Plate Detection\Captured License Plate\20250405_143127_KAG2MP9657.jpg
2025-04-05 14:31:28,car,KAG2MP9657,C:\Users\siddh\OneDrive\Desktop\License Plate Detection\Captured License Plate\20250405_143128_KAG2MP9657.jpg
2025-04-05 14:31:30,car,KAG2MP9657,C:\Users\siddh\OneDrive\Desktop\License Plate Detection\Captured License Plate\20250405_143130_KAG2MP9657.jpg
2025-04-05 14:45:30,car,Unknown,C:\Users\siddh\OneDrive\Desktop\License Plate Detection\Captured License Plate\20250405_144530_Unknown.jpg
2025-04-05 14:45:31,car,KAG2MP9657,C:\Users\siddh\OneDrive\Desktop\License Plate Detection\Captured License Plate\20250405_144531_KAG2MP9657.jpg
2025-04-05 14:45:31,car,KAG2HP2657,C:\Users\siddh\OneDrive\Desktop\License Plate Detection\Captured License Plate\20250405_144531_KAG2HP2657.jpg
2025-04-05 14:45:32,car,Unknown,C:\Users\siddh\OneDrive\Desktop\License Plate Detection\Captured License Plate\20250405_144532_Unknown.jpg
2025-04-05 14:45:34,car,Unknown,C:\Users\siddh\OneDrive\Desktop\License Plate Detection\Captured License Plate\20250405_144534_Unknown.jpg
2025-04-05 14:45:35,car,KAG2HP9657,C:\Users\siddh\OneDrive\Desktop\License Plate Detection\Captured License Plate\20250405_144535_KAG2HP9657.jpg
2025-04-05 14:45:35,car,TOLO,C:\Users\siddh\OneDrive\Desktop\License Plate Detection\Captured License Plate\20250405_144535_TOLO.jpg
2025-04-05 14:45:36,car,KAG2HP2657,C:\Users\siddh\OneDrive\Desktop\License Plate Detection\Captured License Plate\20250405_144536_KAG2HP2657.jpg
2025-04-05 14:45:37,car,petectedVehicleswithYOLO,C:\Users\siddh\OneDrive\Desktop\License Plate Detection\Captured License Plate\20250405_144537_petectedVehicleswithYOLO.jpg
2025-04-05 14:46:54,car,KAG2MP9657,C:\Users\siddh\OneDrive\Desktop\License Plate Detection\Captured License Plate\20250405_144654_KAG2MP9657.jpg
2025-04-05 14:46:55,car,Unknown,C:\Users\siddh\OneDrive\Desktop\License Plate Detection\Captured License Plate\20250405_144655_Unknown.jpg
2025-04-05 14:46:57,car,KAG2MP9657,C:\Users\siddh\OneDrive\Desktop\License Plate Detection\Captured License Plate\20250405_144657_KAG2MP9657.jpg
2025-04-05 14:46:58,car,KAG2MP2657,C:\Users\siddh\OneDrive\Desktop\License Plate Detection\Captured License Plate\20250405_144658_KAG2MP2657.jpg
2025-04-05 14:54:26,bus,KAG2MP9657,C:\Users\siddh\OneDrive\Desktop\License Plate Detection\Captured License Plate\20250405_145426_KAG2MP9657.jpg
2025-04-05 14:54:29,car,KAG2MP9657,C:\Users\siddh\OneDrive\Desktop\License Plate Detection\Captured License Plate\20250405_145429_KAG2MP9657.jpg
2025-04-05 14:56:08,car,Unknown,C:\Users\siddh\OneDrive\Desktop\License Plate Detection\Captured License Plate\20250405_145608_Unknown.jpg
2025-04-05 14:56:09,car,KAG2MP9657,C:\Users\siddh\OneDrive\Desktop\License Plate Detection\Captured License Plate\20250405_145609_KAG2MP9657.jpg
2025-04-05 14:56:10,car,KAG2MP9657,C:\Users\siddh\OneDrive\Desktop\License Plate Detection\Captured License Plate\20250405_145610_KAG2MP9657.jpg
2025-04-05 14:56:11,car,KAG2MP9657,C:\Users\siddh\OneDrive\Desktop\License Plate Detection\Captured License Plate\20250405_145611_KAG2MP9657.jpg
2025-04-05 14:56:12,car,KAG2MP9657,C:\Users\siddh\OneDrive\Desktop\License Plate Detection\Captured License Plate\20250405_145612_KAG2MP9657.jpg
2025-04-05 14:56:14,car,KAG2MP9657,C:\Users\siddh\OneDrive\Desktop\License Plate Detection\Captured License Plate\20250405_145614_KAG2MP9657.jpg
2025-04-05 14:56:15,car,KAG2MP9657,C:\Users\siddh\OneDrive\Desktop\License Plate Detection\Captured License Plate\20250405_145615_KAG2MP9657.jpg
2025-04-05 15:01:30,car,Unknown,C:\Users\siddh\OneDrive\Desktop\License Plate Detection\Captured License Plate\20250405_150130_Unknown.jpg
2025-04-05 15:04:15,car,KAGZHP2657,C:\Users\siddh\OneDrive\Desktop\License Plate Detection\Captured License Plate\20250405_150415_KAGZHP2657.jpg
2025-04-05 15:04:17,car,KAG2MP9657,C:\Users\siddh\OneDrive\Desktop\License Plate Detection\Captured License Plate\20250405_150416_KAG2MP9657.jpg
2025-04-05 15:04:18,car,KAG2MP9657,C:\Users\siddh\OneDrive\Desktop\License Plate Detection\Captured License Plate\20250405_150418_KAG2MP9657.jpg
2025-04-05 15:04:19,car,KAG2MP9657,C:\Users\siddh\OneDrive\Desktop\License Plate Detection\Captured License Plate\20250405_150419_KAG2MP9657.jpg
2025-04-05 15:04:21,car,KAG2MP9657,C:\Users\siddh\OneDrive\Desktop\License Plate Detection\Captured License Plate\20250405_150421_KAG2MP9657.jpg
2025-04-05 15:04:22,car,KAG2MP9657,C:\Users\siddh\OneDrive\Desktop\License Plate Detection\Captured License Plate\20250405_150422_KAG2MP9657.jpg
2025-04-05 15:04:23,car,KAG2MP9657,C:\Users\siddh\OneDrive\Desktop\License Plate Detection\Captured License Plate\20250405_150423_KAG2MP9657.jpg
2025-04-05 15:04:24,car,KAG2MP9657,C:\Users\siddh\OneDrive\Desktop\License Plate Detection\Captured License Plate\20250405_150424_KAG2MP9657.jpg
2025-04-05 15:04:26,car,KAG2MP9657,C:\Users\siddh\OneDrive\Desktop\License Plate Detection\Captured License Plate\20250405_150426_KAG2MP9657.jpg
2025-04-05 15:04:27,car,KAG2MP9657,C:\Users\siddh\OneDrive\Desktop\License Plate Detection\Captured License Plate\20250405_150427_KAG2MP9657.jpg
2025-04-05 15:04:28,car,DetectedVehicleswithYOLO,C:\Users\siddh\OneDrive\Desktop\License Plate Detection\Captured License Plate\20250405_150428_DetectedVehicleswithYOLO.jpg
2025-04-05 15:07:40,car,Unknown,C:\Users\siddh\OneDrive\Desktop\License Plate Detection\Captured License Plate\20250405_150740_Unknown.jpg
2025-04-05 15:07:42,car,KAG2MP9657,C:\Users\siddh\OneDrive\Desktop\License Plate Detection\Captured License Plate\20250405_150742_KAG2MP9657.jpg
2025-04-05 15:07:43,car,Unknown,C:\Users\siddh\OneDrive\Desktop\License Plate Detection\Captured License Plate\20250405_150743_Unknown.jpg
2025-04-05 15:10:50,car,Unknown,C:\Users\siddh\OneDrive\Desktop\License Plate Detection\Captured License Plate\20250405_151050_Unknown.jpg
2025-04-05 15:10:52,car,999,C:\Users\siddh\OneDrive\Desktop\License Plate Detection\Captured License Plate\20250405_151052_999.jpg
2025-04-05 15:11:01,car,Ka29,C:\Users\siddh\OneDrive\Desktop\License Plate Detection\Captured License Plate\20250405_151101_Ka29.jpg
2025-04-05 15:11:11,car,Unknown,C:\Users\siddh\OneDrive\Desktop\License Plate Detection\Captured License Plate\20250405_151111_Unknown.jpg
2025-04-05 15:11:12,car,Unknown,C:\Users\siddh\OneDrive\Desktop\License Plate Detection\Captured License Plate\20250405_151112_Unknown.jpg
2025-04-05 15:11:13,car,Ka29Z,C:\Users\siddh\OneDrive\Desktop\License Plate Detection\Captured License Plate\20250405_151113_Ka29Z.jpg
2025-04-05 15:11:37,car,Unknown,C:\Users\siddh\OneDrive\Desktop\License Plate Detection\Captured License Plate\20250405_151137_Unknown.jpg
2025-04-05 15:11:37,car,Unknown,C:\Users\siddh\OneDrive\Desktop\License Plate Detection\Captured License Plate\20250405_151137_Unknown.jpg
2025-04-05 15:11:38,car,Unknown,C:\Users\siddh\OneDrive\Desktop\License Plate Detection\Captured License Plate\20250405_151138_Unknown.jpg
2025-04-05 15:11:38,car,Unknown,C:\Users\siddh\OneDrive\Desktop\License Plate Detection\Captured License Plate\20250405_151138_Unknown.jpg
2025-04-05 15:11:38,car,Unknown,C:\Users\siddh\OneDrive\Desktop\License Plate Detection\Captured License Plate\20250405_151138_Unknown.jpg
2025-04-05 15:11:39,car,Unknown,C:\Users\siddh\OneDrive\Desktop\License Plate Detection\Captured License Plate\20250405_151139_Unknown.jpg
2025-04-05 15:11:39,car,Unknown,C:\Users\siddh\OneDrive\Desktop\License Plate Detection\Captured License Plate\20250405_151139_Unknown.jpg
2025-04-05 15:11:40,car,Unknown,C:\Users\siddh\OneDrive\Desktop\License Plate Detection\Captured License Plate\20250405_151140_Unknown.jpg
2025-04-05 15:11:40,car,MH20EE7602,C:\Users\siddh\OneDrive\Desktop\License Plate Detection\Captured License Plate\20250405_151140_MH20EE7602.jpg
2025-04-05 15:11:41,car,Unknown,C:\Users\siddh\OneDrive\Desktop\License Plate Detection\Captured License Plate\20250405_151141_Unknown.jpg
2025-04-05 15:11:41,car,MH20EE7602,C:\Users\siddh\OneDrive\Desktop\License Plate Detection\Captured License Plate\20250405_151141_MH20EE7602.jpg
2025-04-05 15:26:06,car,Unknown,C:\Users\siddh\OneDrive\Desktop\License Plate Detection\Captured License Plate\20250405_152606_Unknown.jpg
2025-04-05 15:26:07,car,Unknown,C:\Users\siddh\OneDrive\Desktop\License Plate Detection\Captured License Plate\20250405_152607_Unknown.jpg
2025-04-05 15:26:07,car,Unknown,C:\Users\siddh\OneDrive\Desktop\License Plate Detection\Captured License Plate\20250405_152607_Unknown.jpg
2025-04-05 15:26:08,car,Unknown,C:\Users\siddh\OneDrive\Desktop\License Plate Detection\Captured License Plate\20250405_152608_Unknown.jpg
2025-04-05 15:26:09,car,Unknown,C:\Users\siddh\OneDrive\Desktop\License Plate Detection\Captured License Plate\20250405_152609_Unknown.jpg
2025-04-05 15:26:09,car,Unknown,C:\Users\siddh\OneDrive\Desktop\License Plate Detection\Captured License Plate\20250405_152609_Unknown.jpg
2025-04-05 15:26:10,car,Unknown,C:\Users\siddh\OneDrive\Desktop\License Plate Detection\Captured License Plate\20250405_152610_Unknown.jpg
2025-04-05 15:26:11,car,Unknown,C:\Users\siddh\OneDrive\Desktop\License Plate Detection\Captured License Plate\20250405_152611_Unknown.jpg
2025-04-05 15:26:11,car,Mh20EE7602,C:\Users\siddh\OneDrive\Desktop\License Plate Detection\Captured License Plate\20250405_152611_Mh20EE7602.jpg
2025-04-05 15:26:12,car,MH20EE7602,C:\Users\siddh\OneDrive\Desktop\License Plate Detection\Captured License Plate\20250405_152612_MH20EE7602.jpg
2025-04-05 15:26:12,car,MH20EE7602,C:\Users\siddh\OneDrive\Desktop\License Plate Detection\Captured License Plate\20250405_152612_MH20EE7602.jpg
2025-04-05 15:26:13,car,MHZOEE7602,C:\Users\siddh\OneDrive\Desktop\License Plate Detection\Captured License Plate\20250405_152613_MHZOEE7602.jpg
2025-04-05 15:26:13,car,MH20EE7602,C:\Users\siddh\OneDrive\Desktop\License Plate Detection\Captured License Plate\20250405_152613_MH20EE7602.jpg
2025-04-05 15:41:55,car,Unknown,C:\Users\siddh\OneDrive\Desktop\License Plate Detection\Captured License Plate\20250405_154155_Unknown.jpg
2025-04-05 15:41:56,car,Unknown,C:\Users\siddh\OneDrive\Desktop\License Plate Detection\Captured License Plate\20250405_154156_Unknown.jpg
2025-04-05 15:41:57,car,Unknown,C:\Users\siddh\OneDrive\Desktop\License Plate Detection\Captured License Plate\20250405_154157_Unknown.jpg
2025-04-05 15:41:58,car,Unknown,C:\Users\siddh\OneDrive\Desktop\License Plate Detection\Captured License Plate\20250405_154158_Unknown.jpg
2025-04-05 15:41:58,car,Unknown,C:\Users\siddh\OneDrive\Desktop\License Plate Detection\Captured License Plate\20250405_154158_Unknown.jpg
2025-04-05 15:41:59,car,MH20EE7602,C:\Users\siddh\OneDrive\Desktop\License Plate Detection\Captured License Plate\20250405_154159_MH20EE7602.jpg
2025-04-05 15:42:00,car,Unknown,C:\Users\siddh\OneDrive\Desktop\License Plate Detection\Captured License Plate\20250405_154200_Unknown.jpg
2025-04-05 15:42:01,car,MH20EE7602,C:\Users\siddh\OneDrive\Desktop\License Plate Detection\Captured License Plate\20250405_154201_MH20EE7602.jpg
2025-04-05 15:42:01,car,MH20EE7602,C:\Users\siddh\OneDrive\Desktop\License Plate Detection\Captured License Plate\20250405_154201_MH20EE7602.jpg
2025-04-05 15:44:58,car,Unknown,C:\Users\siddh\OneDrive\Desktop\License Plate Detection\Captured License Plate\20250405_154458_Unknown.jpg
2025-04-05 15:44:59,car,Unknown,C:\Users\siddh\OneDrive\Desktop\License Plate Detection\Captured License Plate\20250405_154459_Unknown.jpg
2025-04-05 15:45:00,car,MH20EE7602,C:\Users\siddh\OneDrive\Desktop\License Plate Detection\Captured License Plate\20250405_154500_MH20EE7602.jpg
2025-04-05 15:45:00,car,Unknown,C:\Users\siddh\OneDrive\Desktop\License Plate Detection\Captured License Plate\20250405_154500_Unknown.jpg
2025-04-05 15:45:01,car,MH20EE7602,C:\Users\siddh\OneDrive\Desktop\License Plate Detection\Captured License Plate\20250405_154501_MH20EE7602.jpg
2025-04-05 15:45:01,car,Mi20EE7602,C:\Users\siddh\OneDrive\Desktop\License Plate Detection\Captured License Plate\20250405_154501_Mi20EE7602.jpg
2025-04-05 15:45:02,car,Unknown,C:\Users\siddh\OneDrive\Desktop\License Plate Detection\Captured License Plate\20250405_154502_Unknown.jpg
2025-04-05 15:45:33,car,Unknown,C:\Users\siddh\OneDrive\Desktop\License Plate Detection\Captured License Plate\20250405_154533_Unknown.jpg
2025-04-05 15:45:35,bus,Unknown,C:\Users\siddh\OneDrive\Desktop\License Plate Detection\Captured License Plate\20250405_154535_Unknown.jpg
2025-04-05 15:45:36,car,MH20EE7602,C:\Users\siddh\OneDrive\Desktop\License Plate Detection\Captured License Plate\20250405_154536_MH20EE7602.jpg
2025-04-05 15:45:37,bus,MH20EE7602,C:\Users\siddh\OneDrive\Desktop\License Plate Detection\Captured License Plate\20250405_154537_MH20EE7602.jpg
2025-04-05 15:45:37,car,MH20EE7602,C:\Users\siddh\OneDrive\Desktop\License Plate Detection\Captured License Plate\20250405_154537_MH20EE7602.jpg
2025-04-05 15:45:38,car,MH20EE7602,C:\Users\siddh\OneDrive\Desktop\License Plate Detection\Captured License Plate\20250405_154538_MH20EE7602.jpg
2025-04-05 15:45:39,car,MH20EE7602,C:\Users\siddh\OneDrive\Desktop\License Plate Detection\Captured License Plate\20250405_154539_MH20EE7602.jpg
2025-04-05 15:45:39,car,Unknown,C:\Users\siddh\OneDrive\Desktop\License Plate Detection\Captured License Plate\20250405_154539_Unknown.jpg
2025-04-05 15:45:40,car,MH20EE7602,C:\Users\siddh\OneDrive\Desktop\License Plate Detection\Captured License Plate\20250405_154540_MH20EE7602.jpg
2025-04-05 15:45:41,car,MH20EE7602,C:\Users\siddh\OneDrive\Desktop\License Plate Detection\Captured License Plate\20250405_154541_MH20EE7602.jpg
2025-04-05 15:45:43,car,Unknown,C:\Users\siddh\OneDrive\Desktop\License Plate Detection\Captured License Plate\20250405_154543_Unknown.jpg
2025-04-05 15:45:44,car,Unknown,C:\Users\siddh\OneDrive\Desktop\License Plate Detection\Captured License Plate\20250405_154544_Unknown.jpg
2025-04-05 15:45:44,car,Unknown,C:\Users\siddh\OneDrive\Desktop\License Plate Detection\Captured License Plate\20250405_154544_Unknown.jpg
2025-04-05 15:45:45,car,MK20EE7602,C:\Users\siddh\OneDrive\Desktop\License Plate Detection\Captured License Plate\20250405_154545_MK20EE7602.jpg
2025-04-05 15:45:45,car,MHZOEE7602,C:\Users\siddh\OneDrive\Desktop\License Plate Detection\Captured License Plate\20250405_154545_MHZOEE7602.jpg
2025-04-05 15:45:46,car,Unknown,C:\Users\siddh\OneDrive\Desktop\License Plate Detection\Captured License Plate\20250405_154546_Unknown.jpg
2025-04-05 15:45:46,car,Unknown,C:\Users\siddh\OneDrive\Desktop\License Plate Detection\Captured License Plate\20250405_154546_Unknown.jpg
2025-04-05 15:45:47,car,MH20EE7602,C:\Users\siddh\OneDrive\Desktop\License Plate Detection\Captured License Plate\20250405_154547_MH20EE7602.jpg
2025-04-05 15:45:47,car,Unknown,C:\Users\siddh\OneDrive\Desktop\License Plate Detection\Captured License Plate\20250405_154547_Unknown.jpg
2025-04-05 15:45:47,car,MH20EE7602,C:\Users\siddh\OneDrive\Desktop\License Plate Detection\Captured License Plate\20250405_154547_MH20EE7602.jpg
2025-04-05 15:45:48,car,Unknown,C:\Users\siddh\OneDrive\Desktop\License Plate Detection\Captured License Plate\20250405_154548_Unknown.jpg
2025-04-05 15:45:48,car,Mh20EE7602,C:\Users\siddh\OneDrive\Desktop\License Plate Detection\Captured License Plate\20250405_154548_Mh20EE7602.jpg
2025-04-05 15:45:49,car,H20EE7602,C:\Users\siddh\OneDrive\Desktop\License Plate Detection\Captured License Plate\20250405_154549_H20EE7602.jpg
2025-04-05 15:48:50,car,Unknown,C:\Users\siddh\OneDrive\Desktop\License Plate Detection\Captured License Plate\20250405_154850_Unknown.jpg
2025-04-05 15:48:51,car,Unknown,C:\Users\siddh\OneDrive\Desktop\License Plate Detection\Captured License Plate\20250405_154851_Unknown.jpg
2025-04-05 15:48:52,car,Unknown,C:\Users\siddh\OneDrive\Desktop\License Plate Detection\Captured License Plate\20250405_154852_Unknown.jpg
2025-04-05 15:48:53,car,KAI9hR02120102011,C:\Users\siddh\OneDrive\Desktop\License Plate Detection\Captured License Plate\20250405_154853_KAI9hR02120102011.jpg
2025-04-05 15:48:54,car,Unknown,C:\Users\siddh\OneDrive\Desktop\License Plate Detection\Captured License Plate\20250405_154854_Unknown.jpg
2025-04-05 15:50:19,car,Unknown,C:\Users\siddh\OneDrive\Desktop\License Plate Detection\Captured License Plate\20250405_155019_Unknown.jpg
2025-04-05 15:50:20,car,KAG2MP9657,C:\Users\siddh\OneDrive\Desktop\License Plate Detection\Captured License Plate\20250405_155020_KAG2MP9657.jpg
2025-04-05 15:51:50,car,KAG2MP9657,C:\Users\siddh\OneDrive\Desktop\License Plate Detection\Captured License Plate\20250405_155150_KAG2MP9657.jpg
2025-04-05 15:51:51,car,KAG2MP9657,C:\Users\siddh\OneDrive\Desktop\License Plate Detection\Captured License Plate\20250405_155151_KAG2MP9657.jpg
2025-04-05 15:51:53,car,KAG2MP9657,C:\Users\siddh\OneDrive\Desktop\License Plate Detection\Captured License Plate\20250405_155153_KAG2MP9657.jpg
2025-04-05 15:51:55,car,KAG2MP9657,C:\Users\siddh\OneDrive\Desktop\License Plate Detection\Captured License Plate\20250405_155155_KAG2MP9657.jpg
2025-04-05 15:51:56,car,KAG2MP9657,C:\Users\siddh\OneDrive\Desktop\License Plate Detection\Captured License Plate\20250405_155156_KAG2MP9657.jpg
2025-04-05 15:51:57,car,KAG2MP9657,C:\Users\siddh\OneDrive\Desktop\License Plate Detection\Captured License Plate\20250405_155157_KAG2MP9657.jpg
2025-04-05 15:51:58,car,KAG2HP9657,C:\Users\siddh\OneDrive\Desktop\License Plate Detection\Captured License Plate\20250405_155158_KAG2HP9657.jpg
2025-04-05 15:57:13,car,KAG2MP9657,Entry,C:\Users\siddh\OneDrive\Desktop\License Plate Detection\Captured License Plate\20250405_155713_KAG2MP9657.jpg
2025-04-05 15:59:32,truck,KaG2MP9657,In,C:\Users\siddh\OneDrive\Desktop\License Plate Detection\Captured License Plate\20250405_155932_KaG2MP9657.jpg
2025-04-05 15:59:33,bus,Turnon,In,C:\Users\siddh\OneDrive\Desktop\License Plate Detection\Captured License Plate\20250405_155933_Turnon.jpg
2025-04-05 15:59:40,bus,Unknown,In,C:\Users\siddh\OneDrive\Desktop\License Plate Detection\Captured License Plate\20250405_155940_Unknown.jpg
2025-04-05 15:59:41,car,KAG2MP2657,In,C:\Users\siddh\OneDrive\Desktop\License Plate Detection\Captured License Plate\20250405_155941_KAG2MP2657.jpg
2025-04-05 15:59:42,car,KAG2HP2657,In,C:\Users\siddh\OneDrive\Desktop\License Plate Detection\Captured License Plate\20250405_155942_KAG2HP2657.jpg
2025-04-05 15:59:43,car,ctectedVehicleswithYOLO,In,C:\Users\siddh\OneDrive\Desktop\License Plate Detection\Captured License Plate\20250405_155943_ctectedVehicleswithYOLO.jpg
2025-04-05 16:00:01,car,DetectedvehlcteswithYOLO,In,C:\Users\siddh\OneDrive\Desktop\License Plate Detection\Captured License Plate\20250405_160001_DetectedvehlcteswithYOLO.jpg
2025-04-05 16:00:03,car,DetectedVehicieswithYOLO,In,C:\Users\siddh\OneDrive\Desktop\License Plate Detection\Captured License Plate\20250405_160003_DetectedVehicieswithYOLO.jpg
2025-04-05 16:00:04,car,KAG2HP9657,In,C:\Users\siddh\OneDrive\Desktop\License Plate Detection\Captured License Plate\20250405_160004_KAG2HP9657.jpg
2025-04-05 16:00:12,car,2657,In,C:\Users\siddh\OneDrive\Desktop\License Plate Detection\Captured License Plate\20250405_160012_2657.jpg
2025-04-05 16:00:13,car,withYOLO,In,C:\Users\siddh\OneDrive\Desktop\License Plate Detection\Captured License Plate\20250405_160013_withYOLO.jpg
2025-04-05 16:00:20,car,KAG2MP9657,In,C:\Users\siddh\OneDrive\Desktop\License Plate Detection\Captured License Plate\20250405_160020_KAG2MP9657.jpg
2025-04-05 16:00:22,car,KAG2MP9657,Out,C:\Users\siddh\OneDrive\Desktop\License Plate Detection\Captured License Plate\20250405_160022_KAG2MP9657.jpg
2025-04-05 16:00:23,car,KAG2MP9657,In,C:\Users\siddh\OneDrive\Desktop\License Plate Detection\Captured License Plate\20250405_160023_KAG2MP9657.jpg
2025-04-05 16:00:24,car,KAG2MP9657,Out,C:\Users\siddh\OneDrive\Desktop\License Plate Detection\Captured License Plate\20250405_160024_KAG2MP9657.jpg
2025-04-05 16:00:25,car,KAG2MP9657,In,C:\Users\siddh\OneDrive\Desktop\License Plate Detection\Captured License Plate\20250405_160025_KAG2MP9657.jpg
2025-04-05 16:00:27,car,KAG2MP9657,Out,C:\Users\siddh\OneDrive\Desktop\License Plate Detection\Captured License Plate\20250405_160027_KAG2MP9657.jpg
2025-04-05 16:00:28,car,KAG2MP9657,In,C:\Users\siddh\OneDrive\Desktop\License Plate Detection\Captured License Plate\20250405_160028_KAG2MP9657.jpg
2025-04-05 16:00:29,car,KAG2MP9657,Out,C:\Users\siddh\OneDrive\Desktop\License Plate Detection\Captured License Plate\20250405_160029_KAG2MP9657.jpg
2025-04-05 16:00:31,car,KAG2MP9657,In,C:\Users\siddh\OneDrive\Desktop\License Plate Detection\Captured License Plate\20250405_160031_KAG2MP9657.jpg
2025-04-05 16:00:32,car,KAG2MP9657,Out,C:\Users\siddh\OneDrive\Desktop\License Plate Detection\Captured License Plate\20250405_160032_KAG2MP9657.jpg
2025-04-05 16:00:49,car,Unknown,Out,C:\Users\siddh\OneDrive\Desktop\License Plate Detection\Captured License Plate\20250405_160049_Unknown.jpg
2025-04-05 16:00:50,car,Unknown,In,C:\Users\siddh\OneDrive\Desktop\License Plate Detection\Captured License Plate\20250405_160050_Unknown.jpg
2025-04-05 16:00:51,bus,Unknown,Out,C:\Users\siddh\OneDrive\Desktop\License Plate Detection\Captured License Plate\20250405_160051_Unknown.jpg
2025-04-05 16:00:52,bus,Unknown,In,C:\Users\siddh\OneDrive\Desktop\License Plate Detection\Captured License Plate\20250405_160052_Unknown.jpg
2025-04-05 16:00:53,car,Unknown,Out,C:\Users\siddh\OneDrive\Desktop\License Plate Detection\Captured License Plate\20250405_160053_Unknown.jpg
2025-04-05 16:00:58,car,Unknown,In,C:\Users\siddh\OneDrive\Desktop\License Plate Detection\Captured License Plate\20250405_160058_Unknown.jpg
2025-04-05 16:00:58,car,Unknown,Out,C:\Users\siddh\OneDrive\Desktop\License Plate Detection\Captured License Plate\20250405_160058_Unknown.jpg
2025-04-05 16:00:59,car,Unknown,In,C:\Users\siddh\OneDrive\Desktop\License Plate Detection\Captured License Plate\20250405_160059_Unknown.jpg
2025-04-05 16:01:00,car,Unknown,Out,C:\Users\siddh\OneDrive\Desktop\License Plate Detection\Captured License Plate\20250405_160100_Unknown.jpg
2025-04-05 16:01:00,car,MH20EE7602,In,C:\Users\siddh\OneDrive\Desktop\License Plate Detection\Captured License Plate\20250405_160100_MH20EE7602.jpg
2025-04-05 16:01:01,car,MH20EE7602,Out,C:\Users\siddh\OneDrive\Desktop\License Plate Detection\Captured License Plate\20250405_160101_MH20EE7602.jpg
2025-04-05 16:01:02,car,Unknown,In,C:\Users\siddh\OneDrive\Desktop\License Plate Detection\Captured License Plate\20250405_160102_Unknown.jpg
2025-04-05 16:01:03,car,MH20EE7602,In,C:\Users\siddh\OneDrive\Desktop\License Plate Detection\Captured License Plate\20250405_160103_MH20EE7602.jpg
2025-04-05 16:01:04,car,MH20EE7602,Out,C:\Users\siddh\OneDrive\Desktop\License Plate Detection\Captured License Plate\20250405_160104_MH20EE7602.jpg
2025-04-05 16:01:04,car,MH20EE7602,In,C:\Users\siddh\OneDrive\Desktop\License Plate Detection\Captured License Plate\20250405_160104_MH20EE7602.jpg
2025-04-05 16:01:05,car,7602,In,C:\Users\siddh\OneDrive\Desktop\License Plate Detection\Captured License Plate\20250405_160105_7602.jpg
2025-04-05 16:01:06,car,MH20EE7602,Out,C:\Users\siddh\OneDrive\Desktop\License Plate Detection\Captured License Plate\20250405_160106_MH20EE7602.jpg
2025-04-05 16:01:06,car,MH20EE7602,In,C:\Users\siddh\OneDrive\Desktop\License Plate Detection\Captured License Plate\20250405_160106_MH20EE7602.jpg
2025-04-05 16:01:07,car,MU20EE7602,In,C:\Users\siddh\OneDrive\Desktop\License Plate Detection\Captured License Plate\20250405_160107_MU20EE7602.jpg
2025-04-05 16:01:08,car,YA,In,C:\Users\siddh\OneDrive\Desktop\License Plate Detection\Captured License Plate\20250405_160108_YA.jpg
2025-04-05 16:01:08,car,MH20EE7602,Out,C:\Users\siddh\OneDrive\Desktop\License Plate Detection\Captured License Plate\20250405_160108_MH20EE7602.jpg
2025-04-05 16:01:09,car,MH20EE7602,In,C:\Users\siddh\OneDrive\Desktop\License Plate Detection\Captured License Plate\20250405_160109_MH20EE7602.jpg
2025-04-05 16:01:09,car,YA,Out,C:\Users\siddh\OneDrive\Desktop\License Plate Detection\Captured License Plate\20250405_160109_YA.jpg
2025-04-05 16:01:10,car,Unknown,Out,C:\Users\siddh\OneDrive\Desktop\License Plate Detection\Captured License Plate\20250405_160110_Unknown.jpg
2025-04-05 16:01:16,car,Automaticvehiclenumberplate,In,C:\Users\siddh\OneDrive\Desktop\License Plate Detection\Captured License Plate\20250405_160116_Automaticvehiclenumberplate.jpg
2025-04-05 16:01:19,car,ScienceDirectcom,In,C:\Users\siddh\OneDrive\Desktop\License Plate Detection\Captured License Plate\20250405_160119_ScienceDirectcom.jpg
2025-04-05 16:01:21,car,X,In,C:\Users\siddh\OneDrive\Desktop\License Plate Detection\Captured License Plate\20250405_160121_X.jpg
2025-04-05 16:01:22,truck,ScienceDirectcom,Out,C:\Users\siddh\OneDrive\Desktop\License Plate Detection\Captured License Plate\20250405_160122_ScienceDirectcom.jpg
2025-04-05 16:01:23,truck,Unknown,In,C:\Users\siddh\OneDrive\Desktop\License Plate Detection\Captured License Plate\20250405_160123_Unknown.jpg
2025-04-05 16:01:25,car,Unknown,Out,C:\Users\siddh\OneDrive\Desktop\License Plate Detection\Captured License Plate\20250405_160125_Unknown.jpg
2025-04-05 16:01:26,car,Automaticvehiclenumberplate,Out,C:\Users\siddh\OneDrive\Desktop\License Plate Detection\Captured License Plate\20250405_160126_Automaticvehiclenumberplate.jpg
2025-04-05 16:01:28,car,413,In,C:\Users\siddh\OneDrive\Desktop\License Plate Detection\Captured License Plate\20250405_160128_413.jpg
2025-04-05 16:01:47,car,Unknown,In,C:\Users\siddh\OneDrive\Desktop\License Plate Detection\Captured License Plate\20250405_160147_Unknown.jpg
2025-04-05 16:01:49,bus,KA64N0092,In,C:\Users\siddh\OneDrive\Desktop\License Plate Detection\Captured License Plate\20250405_160149_KA64N0092.jpg
2025-04-05 16:01:52,car,Unknown,Out,C:\Users\siddh\OneDrive\Desktop\License Plate Detection\Captured License Plate\20250405_160152_Unknown.jpg
2025-04-05 16:02:06,car,Unknown,In,C:\Users\siddh\OneDrive\Desktop\License Plate Detection\Captured License Plate\20250405_160206_Unknown.jpg
2025-04-05 16:02:08,car,Unknown,Out,C:\Users\siddh\OneDrive\Desktop\License Plate Detection\Captured License Plate\20250405_160208_Unknown.jpg
2025-04-05 16:02:09,car,Unknown,In,C:\Users\siddh\OneDrive\Desktop\License Plate Detection\Captured License Plate\20250405_160209_Unknown.jpg
2025-04-05 16:02:10,car,Unknown,Out,C:\Users\siddh\OneDrive\Desktop\License Plate Detection\Captured License Plate\20250405_160210_Unknown.jpg
2025-04-05 16:02:11,car,Unknown,In,C:\Users\siddh\OneDrive\Desktop\License Plate Detection\Captured License Plate\20250405_160211_Unknown.jpg
2025-04-05 16:02:12,car,Unknown,Out,C:\Users\siddh\OneDrive\Desktop\License Plate Detection\Captured License Plate\20250405_160212_Unknown.jpg
2025-04-05 16:02:13,car,Unknown,In,C:\Users\siddh\OneDrive\Desktop\License Plate Detection\Captured License Plate\20250405_160213_Unknown.jpg
2025-04-05 16:02:14,car,3364,In,C:\Users\siddh\OneDrive\Desktop\License Plate Detection\Captured License Plate\20250405_160214_3364.jpg
2025-04-05 16:02:15,car,Unknown,Out,C:\Users\siddh\OneDrive\Desktop\License Plate Detection\Captured License Plate\20250405_160215_Unknown.jpg
2025-04-05 16:02:16,car,Unknown,In,C:\Users\siddh\OneDrive\Desktop\License Plate Detection\Captured License Plate\20250405_160216_Unknown.jpg
2025-04-05 16:02:17,car,Unknown,Out,C:\Users\siddh\OneDrive\Desktop\License Plate Detection\Captured License Plate\20250405_160217_Unknown.jpg
2025-04-05 16:02:18,car,Unknown,In,C:\Users\siddh\OneDrive\Desktop\License Plate Detection\Captured License Plate\20250405_160218_Unknown.jpg
2025-04-05 16:04:09,bus,KA64N0099,In,C:\Users\siddh\OneDrive\Desktop\License Plate Detection\Captured License Plate\20250405_160409_KA64N0099.jpg
2025-04-05 16:04:11,bus,7604,In,C:\Users\siddh\OneDrive\Desktop\License Plate Detection\Captured License Plate\20250405_160411_7604.jpg
2025-04-05 16:04:12,bus,JshergyLicencePlateLPAACar,In,C:\Users\siddh\OneDrive\Desktop\License Plate Detection\Captured License Plate\20250405_160412_JshergyLicencePlateLPAACar.jpg
2025-04-05 16:04:23,bus,CoMechanle,In,C:\Users\siddh\OneDrive\Desktop\License Plate Detection\Captured License Plate\20250405_160423_CoMechanle.jpg
2025-04-05 16:04:27,bus,X,In,C:\Users\siddh\OneDrive\Desktop\License Plate Detection\Captured License Plate\20250405_160427_X.jpg
2025-04-05 16:04:30,car,IND,In,C:\Users\siddh\OneDrive\Desktop\License Plate Detection\Captured License Plate\20250405_160430_IND.jpg
2025-04-05 16:04:42,car,KAG2MP9657,In,C:\Users\siddh\OneDrive\Desktop\License Plate Detection\Captured License Plate\20250405_160442_KAG2MP9657.jpg
2025-04-05 16:04:44,car,KAG2HP,In,C:\Users\siddh\OneDrive\Desktop\License Plate Detection\Captured License Plate\20250405_160444_KAG2HP.jpg
2025-04-05 16:04:46,car,KA,In,C:\Users\siddh\OneDrive\Desktop\License Plate Detection\Captured License Plate\20250405_160446_KA.jpg
2025-04-05 16:04:47,car,KAG2HP9657,In,C:\Users\siddh\OneDrive\Desktop\License Plate Detection\Captured License Plate\20250405_160447_KAG2HP9657.jpg
2025-04-05 16:04:59,car,KAG2MP9657,Out,C:\Users\siddh\OneDrive\Desktop\License Plate Detection\Captured License Plate\20250405_160459_KAG2MP9657.jpg
2025-04-05 16:05:01,car,KAG2MP9657,In,C:\Users\siddh\OneDrive\Desktop\License Plate Detection\Captured License Plate\20250405_160501_KAG2MP9657.jpg
2025-04-05 16:05:02,car,KAG2MP9657,Out,C:\Users\siddh\OneDrive\Desktop\License Plate Detection\Captured License Plate\20250405_160502_KAG2MP9657.jpg
2025-04-05 16:05:03,car,KAG2MP9657,In,C:\Users\siddh\OneDrive\Desktop\License Plate Detection\Captured License Plate\20250405_160503_KAG2MP9657.jpg
2025-04-05 16:05:04,car,KAG2MP2657,In,C:\Users\siddh\OneDrive\Desktop\License Plate Detection\Captured License Plate\20250405_160504_KAG2MP2657.jpg
2025-04-05 16:05:05,car,KAG2MP9657,Out,C:\Users\siddh\OneDrive\Desktop\License Plate Detection\Captured License Plate\20250405_160505_KAG2MP9657.jpg
2025-04-05 16:05:07,car,KAG2MP9657,In,C:\Users\siddh\OneDrive\Desktop\License Plate Detection\Captured License Plate\20250405_160507_KAG2MP9657.jpg
2025-04-05 16:05:08,car,KAG2MP9657,Out,C:\Users\siddh\OneDrive\Desktop\License Plate Detection\Captured License Plate\20250405_160508_KAG2MP9657.jpg
2025-04-05 16:05:09,car,KAG2MP9657,In,C:\Users\siddh\OneDrive\Desktop\License Plate Detection\Captured License Plate\20250405_160509_KAG2MP9657.jpg
2025-04-05 16:05:10,car,KAG2MP9657,Out,C:\Users\siddh\OneDrive\Desktop\License Plate Detection\Captured License Plate\20250405_160510_KAG2MP9657.jpg
2025-04-05 16:05:12,car,KAG2MP9657,In,C:\Users\siddh\OneDrive\Desktop\License Plate Detection\Captured License Plate\20250405_160512_KAG2MP9657.jpg
2025-04-05 17:03:39,car,KAG2MP9657,In,C:\Users\siddh\OneDrive\Desktop\License Plate Detection\Captured License Plate\20250405_170339_KAG2MP9657.jpg
2025-04-05 17:03:40,car,KAG2MP9657,Out,C:\Users\siddh\OneDrive\Desktop\License Plate Detection\Captured License Plate\20250405_170340_KAG2MP9657.jpg
2025-04-05 17:03:41,car,KAG2MP9657,In,C:\Users\siddh\OneDrive\Desktop\License Plate Detection\Captured License Plate\20250405_170341_KAG2MP9657.jpg
2025-04-05 17:03:42,car,KAG2MP9657,Out,C:\Users\siddh\OneDrive\Desktop\License Plate Detection\Captured License Plate\20250405_170342_KAG2MP9657.jpg
2025-04-05 17:03:44,car,KAG2MP9657,In,C:\Users\siddh\OneDrive\Desktop\License Plate Detection\Captured License Plate\20250405_170344_KAG2MP9657.jpg
2025-04-05 17:03:45,car,KAG2MP9657,Out,C:\Users\siddh\OneDrive\Desktop\License Plate Detection\Captured License Plate\20250405_170345_KAG2MP9657.jpg
2025-04-05 17:04:19,bus,KA292999,In,C:\Users\siddh\OneDrive\Desktop\License Plate Detection\Captured License Plate\20250405_170419_KA292999.jpg
2025-04-05 17:04:20,bus,Ka292999,In,C:\Users\siddh\OneDrive\Desktop\License Plate Detection\Captured License Plate\20250405_170420_Ka292999.jpg
2025-04-05 17:04:22,bus,Ka29Z999,In,C:\Users\siddh\OneDrive\Desktop\License Plate Detection\Captured License Plate\20250405_170422_Ka29Z999.jpg
2025-04-05 17:04:25,bus,Ka292999,Out,C:\Users\siddh\OneDrive\Desktop\License Plate Detection\Captured License Plate\20250405_170425_Ka292999.jpg
2025-04-05 17:04:26,bus,Ka292999,In,C:\Users\siddh\OneDrive\Desktop\License Plate Detection\Captured License Plate\20250405_170426_Ka292999.jpg
2025-04-05 17:04:28,bus,KA29Z9991,In,C:\Users\siddh\OneDrive\Desktop\License Plate Detection\Captured License Plate\20250405_170428_KA29Z9991.jpg
2025-04-05 17:04:51,car,KAG2HP2657,In,C:\Users\siddh\OneDrive\Desktop\License Plate Detection\Captured License Plate\20250405_170451_KAG2HP2657.jpg
2025-04-05 17:04:54,car,KAG2MP9657,In,C:\Users\siddh\OneDrive\Desktop\License Plate Detection\Captured License Plate\20250405_170454_KAG2MP9657.jpg
2025-04-05 17:04:55,car,KAG2MP9657,Out,C:\Users\siddh\OneDrive\Desktop\License Plate Detection\Captured License Plate\20250405_170455_KAG2MP9657.jpg
2025-04-05 17:05:04,car,KAG2MP9657,In,C:\Users\siddh\OneDrive\Desktop\License Plate Detection\Captured License Plate\20250405_170504_KAG2MP9657.jpg
2025-04-05 17:05:05,car,KAG2MP9657,Out,C:\Users\siddh\OneDrive\Desktop\License Plate Detection\Captured License Plate\20250405_170505_KAG2MP9657.jpg
2025-04-05 17:05:07,car,KAG2MP9657,In,C:\Users\siddh\OneDrive\Desktop\License Plate Detection\Captured License Plate\20250405_170507_KAG2MP9657.jpg
2025-04-05 17:05:25,car,999,In,C:\Users\siddh\OneDrive\Desktop\License Plate Detection\Captured License Plate\20250405_170525_999.jpg
2025-04-05 17:05:26,bus,Ka292999,Out,C:\Users\siddh\OneDrive\Desktop\License Plate Detection\Captured License Plate\20250405_170526_Ka292999.jpg
2025-04-05 17:05:27,bus,Ka29,In,C:\Users\siddh\OneDrive\Desktop\License Plate Detection\Captured License Plate\20250405_170527_Ka29.jpg
2025-04-05 17:05:31,car,KA292999,Out,C:\Users\siddh\OneDrive\Desktop\License Plate Detection\Captured License Plate\20250405_170531_KA292999.jpg
2025-04-05 17:05:53,car,O,In,C:\Users\siddh\OneDrive\Desktop\License Plate Detection\Captured License Plate\20250405_170553_O.jpg
2025-04-05 17:05:55,car,C,In,C:\Users\siddh\OneDrive\Desktop\License Plate Detection\Captured License Plate\20250405_170555_C.jpg
2025-04-05 17:05:56,car,KAG2MP9657,Out,C:\Users\siddh\OneDrive\Desktop\License Plate Detection\Captured License Plate\20250405_170556_KAG2MP9657.jpg
2025-04-05 17:05:59,car,KAG2MP9657,In,C:\Users\siddh\OneDrive\Desktop\License Plate Detection\Captured License Plate\20250405_170559_KAG2MP9657.jpg
2025-04-05 17:06:01,car,KAG2MP9657,Out,C:\Users\siddh\OneDrive\Desktop\License Plate Detection\Captured License Plate\20250405_170601_KAG2MP9657.jpg
2025-04-05 17:06:02,car,KAG2MP9657,In,C:\Users\siddh\OneDrive\Desktop\License Plate Detection\Captured License Plate\20250405_170602_KAG2MP9657.jpg
2025-04-05 17:06:03,car,KAG2MP9657,Out,C:\Users\siddh\OneDrive\Desktop\License Plate Detection\Captured License Plate\20250405_170603_KAG2MP9657.jpg
2025-04-05 17:06:04,car,KAG2MP96571,In,C:\Users\siddh\OneDrive\Desktop\License Plate Detection\Captured License Plate\20250405_170604_KAG2MP96571.jpg
2025-04-05 17:06:06,car,KAG2MP9657,In,C:\Users\siddh\OneDrive\Desktop\License Plate Detection\Captured License Plate\20250405_170606_KAG2MP9657.jpg
2025-04-05 17:06:24,car,KAG2MP9657,Out,C:\Users\siddh\OneDrive\Desktop\License Plate Detection\Captured License Plate\20250405_170624_KAG2MP9657.jpg
2025-04-05 17:06:25,car,KAG2MP9657,In,C:\Users\siddh\OneDrive\Desktop\License Plate Detection\Captured License Plate\20250405_170625_KAG2MP9657.jpg
2025-04-05 17:06:26,car,KAG2MP9657,Out,C:\Users\siddh\OneDrive\Desktop\License Plate Detection\Captured License Plate\20250405_170626_KAG2MP9657.jpg
2025-04-05 17:06:27,car,KAG2MP9657,In,C:\Users\siddh\OneDrive\Desktop\License Plate Detection\Captured License Plate\20250405_170627_KAG2MP9657.jpg
